flood_cat,n,perc_floods
Heavy rain,61,0.6559139784946236
Ice jams and dam breaks,5,0.053763440860215055
Snowmelt,9,0.0967741935483871
Tropical cyclones,18,0.1935483870967742
